{
  "metadata": {
    "processing_date": "2026-02-01T04:33:11.887755",
    "total_requests": 169598,
    "parallel_processing": true,
    "concurrency": 20,
    "checkpoint_enabled": true
  },
  "topic_modeling": {
    "lda": {
      "n_topics": 15,
      "topics": {
        "0": {
          "keywords": [
            "the",
            "on",
            "and",
            "is",
            "traffic",
            "of",
            "streets",
            "at",
            "to",
            "road"
          ],
          "weights": [
            0.07787687331438065,
            0.04012441262602806,
            0.03845081478357315,
            0.037954118102788925,
            0.03643471375107765,
            0.0346473790705204,
            0.03098985366523266,
            0.0270516537129879,
            0.026413310319185257,
            0.019500141963362694
          ]
        },
        "1": {
          "keywords": [
            "issue",
            "animal",
            "and",
            "dog",
            "are",
            "in",
            "is",
            "this",
            "a",
            "at"
          ],
          "weights": [
            0.05320535600185394,
            0.04073922708630562,
            0.03623616322875023,
            0.03236156702041626,
            0.024723397567868233,
            0.024162396788597107,
            0.021442877128720284,
            0.019895588979125023,
            0.018923722207546234,
            0.01815972477197647
          ]
        },
        "2": {
          "keywords": [
            "alley",
            "dumping",
            "illegal",
            "dumped",
            "graffiti",
            "someone",
            "furniture",
            "in",
            "of",
            "pile"
          ],
          "weights": [
            0.16564124822616577,
            0.13207848370075226,
            0.12895670533180237,
            0.09324759989976883,
            0.05200917646288872,
            0.04501030221581459,
            0.03544418513774872,
            0.03129173070192337,
            0.0250746738165617,
            0.02376626618206501
          ]
        },
        "3": {
          "keywords": [
            "street",
            "lights",
            "undefined",
            "light",
            "entire",
            "out",
            "e",
            "requests",
            "whole",
            "10"
          ],
          "weights": [
            0.1890462040901184,
            0.07047752290964127,
            0.06309559941291809,
            0.05841371417045593,
            0.0340530201792717,
            0.02952641434967518,
            0.020034218207001686,
            0.01612190343439579,
            0.014212541282176971,
            0.014004969969391823
          ]
        },
        "4": {
          "keywords": [
            "the",
            "smell",
            "at",
            "on",
            "this",
            "city",
            "odor",
            "5",
            "streets",
            "2024"
          ],
          "weights": [
            0.06654338538646698,
            0.05810723081231117,
            0.035451170057058334,
            0.033793285489082336,
            0.028220094740390778,
            0.027660969644784927,
            0.023961735889315605,
            0.022234730422496796,
            0.016123054549098015,
            0.016074595972895622
          ]
        },
        "5": {
          "keywords": [
            "to",
            "street",
            "be",
            "signs",
            "sign",
            "needs",
            "and",
            "the",
            "stop",
            "is"
          ],
          "weights": [
            0.07064955681562424,
            0.06760038435459137,
            0.054971419274806976,
            0.05058400705456734,
            0.046469710767269135,
            0.04490320384502411,
            0.04154270514845848,
            0.025901800021529198,
            0.024616926908493042,
            0.02315024845302105
          ]
        },
        "6": {
          "keywords": [
            "the",
            "to",
            "and",
            "a",
            "it",
            "i",
            "have",
            "this",
            "my",
            "they"
          ],
          "weights": [
            0.05945649743080139,
            0.05782405659556389,
            0.03467125445604324,
            0.03134547919034958,
            0.02746926248073578,
            0.02729538455605507,
            0.01934507116675377,
            0.01792302168905735,
            0.017193341627717018,
            0.016349680721759796
          ]
        },
        "7": {
          "keywords": [
            "the",
            "and",
            "in",
            "is",
            "of",
            "this",
            "trash",
            "citizen",
            "exterior",
            "on"
          ],
          "weights": [
            0.11587188392877579,
            0.060815468430519104,
            0.04304236173629761,
            0.0405624657869339,
            0.03785843402147293,
            0.01931147463619709,
            0.0183078795671463,
            0.018184175714850426,
            0.015296385623514652,
            0.014423266984522343
          ]
        },
        "8": {
          "keywords": [
            "nsr",
            "metro",
            "agencies",
            "miscellaneous",
            "difficult",
            "southern",
            "events",
            "shelby",
            "that's",
            "installed."
          ],
          "weights": [
            0.3356258273124695,
            0.3017652928829193,
            0.29829519987106323,
            0.03506014123558998,
            0.0030873562209308147,
            0.0022551403380930424,
            0.002028058283030987,
            0.0014704742934554815,
            0.0010416695149615407,
            0.0010296095861122012
          ]
        },
        "9": {
          "keywords": [
            "services",
            "missed",
            "nsr",
            "social",
            "waste",
            "solid",
            "was",
            "utility",
            "3",
            "business"
          ],
          "weights": [
            0.17539575695991516,
            0.1530231535434723,
            0.09979899227619171,
            0.0790129005908966,
            0.06910587847232819,
            0.058869872242212296,
            0.03302083536982536,
            0.031216436997056007,
            0.028051845729351044,
            0.02075466699898243
          ]
        },
        "10": {
          "keywords": [
            "caller",
            "thank",
            "the",
            "you.",
            "that",
            "reports",
            "reporting",
            "a",
            "is",
            "of"
          ],
          "weights": [
            0.17878875136375427,
            0.06886811554431915,
            0.0679837018251419,
            0.06634735316038132,
            0.0660352036356926,
            0.05493856221437454,
            0.042084839195013046,
            0.03901650011539459,
            0.02959509938955307,
            0.0272520761936903
          ]
        },
        "11": {
          "keywords": [
            "government",
            "nsr",
            "location",
            "bus",
            "smoke",
            "20",
            ".",
            "detector",
            "homeowner",
            "installed"
          ],
          "weights": [
            0.15933354198932648,
            0.15890979766845703,
            0.09637673944234848,
            0.09130354225635529,
            0.060935597866773605,
            0.054917313158512115,
            0.03874313086271286,
            0.034892190247774124,
            0.02285836823284626,
            0.01968301646411419
          ]
        },